id,from,processName,to,productName
outputs/1,processes/628,drying,products/260,mushrooms
outputs/2,processes/412,spraying,products/23,tortillas
outputs/3,processes/971,shredding,products/1003,artichokes
outputs/4,processes/83,strapping,products/343,air treatment
outputs/5,processes/19,biological treatment,products/486,cooking oil waste
outputs/6,processes/170,fermenting,products/902,vanilla
outputs/7,processes/993,handling,products/21,burrito
outputs/8,processes/447,printing,products/227,agave nectar
outputs/9,processes/254,precipitation,products/662,juice
outputs/10,processes/468,sautéing,products/665,sausage
outputs/11,processes/547,unloading,products/59,brown sugar
outputs/12,processes/740,fertilizing,products/1005,rye
outputs/13,processes/444,deconsolidation,products/646,bell peppers
outputs/14,processes/548,roasting,products/349,risotto
outputs/15,processes/588,combustion,products/937,salad
outputs/16,processes/739,homogenizing,products/584,halibut
outputs/17,processes/365,preheating,products/980,blueberries
outputs/18,processes/277,chemical treatment,products/421,avocado
outputs/19,processes/684,wrapping,products/99,grouper
outputs/20,processes/346,forging,products/358,stevia
outputs/21,processes/937,homogenizing,products/976,quesadilla
outputs/22,processes/532,ion exchange,products/971,canola oil
outputs/23,processes/611,monitoring,products/874,whiskey
outputs/24,processes/411,weeding,products/200,canola oil
outputs/25,processes/839,forging,products/430,miso soup
outputs/26,processes/971,shredding,products/212,rye bread
outputs/27,processes/999,machining,products/26,teriyaki
outputs/28,processes/221,shrink_wrapping,products/227,agave nectar
outputs/29,processes/15,carton_forming,products/878,veal marsala
outputs/30,processes/690,strapping,products/571,corn
outputs/31,processes/177,preheating,products/576,ketchup
outputs/32,processes/532,ion exchange,products/747,bread
outputs/33,processes/892,loading,products/43,lasagna
outputs/34,processes/915,casting,products/772,baking soda
outputs/35,processes/246,preheating,products/248,cocoa
outputs/36,processes/994,combustion,products/31,vindaloo
outputs/37,processes/335,coating,products/374,sashimi
outputs/38,processes/421,handling,products/36,kale
outputs/39,processes/444,deconsolidation,products/415,cinnamon
outputs/40,processes/368,printing,products/798,rice
outputs/41,processes/347,spinning,products/361,turkey breast
outputs/42,processes/330,forming,products/730,sourdough
outputs/43,processes/542,fermentation,products/939,soy sauce
outputs/44,processes/739,homogenizing,products/353,peaches
outputs/45,processes/992,reverse osmosis,products/424,grouper
outputs/46,processes/440,preserving,products/805,paneer tikka
outputs/47,processes/421,handling,products/425,basil
outputs/48,processes/962,neutralization,products/494,paprika
outputs/49,processes/324,assembly,products/382,dates
outputs/50,processes/814,plowing,products/414,pudding
outputs/51,processes/285,mercerizing,products/846,turkey breast
outputs/52,processes/803,compacting,products/662,juice
outputs/53,processes/828,spinning,products/674,landfill
outputs/54,processes/734,painting,products/749,rice
outputs/55,processes/681,loading,products/599,raisins
outputs/56,processes/971,shredding,products/230,miso soup
outputs/57,processes/86,loading,products/187,passion fruit
outputs/58,processes/530,weeding,products/956,vindaloo
outputs/59,processes/133,chemical treatment,products/351,haddock
outputs/60,processes/692,twisting,products/140,artichokes
outputs/61,processes/542,fermentation,products/729,vinegar
outputs/62,processes/433,compression,products/680,lemons
outputs/63,processes/223,labeling,products/92,oregano
outputs/64,processes/3,combining,products/1,spaghetti
outputs/65,processes/924,planting,products/923,tomato paste
outputs/66,processes/889,wrapping,products/13,waste water
outputs/67,processes/897,braising,products/71,sugar
outputs/68,processes/552,concentrating,products/938,anchovies
outputs/69,processes/76,separating,products/180,burger
outputs/70,processes/755,expansion,products/901,pita
outputs/71,processes/254,precipitation,products/680,lemons
outputs/72,processes/266,strapping,products/454,milk
outputs/73,processes/524,printing,products/344,protein shake
outputs/74,processes/388,punching,products/524,beef
outputs/75,processes/737,carton_forming,products/524,beef
outputs/76,processes/590,superheating,products/218,beer
outputs/77,processes/631,mixing,products/835,composting
outputs/78,processes/991,fertilizing,products/859,ketchup
outputs/79,processes/892,loading,products/320,beef brisket
outputs/80,processes/456,beaming,products/864,sunflower seeds
outputs/81,processes/681,loading,products/362,paneer tikka
outputs/82,processes/678,warehouse_operations,products/77,brown sugar
outputs/83,processes/119,pasteurizing,products/800,peas
outputs/84,processes/500,oxidation,products/102,ceviche
outputs/85,processes/501,monitoring,products/782,milk beverage
outputs/86,processes/347,spinning,products/587,soy
outputs/87,processes/153,rolling,products/566,yogurt parfait
outputs/88,processes/940,labeling,products/298,sugar
outputs/89,processes/917,unloading,products/327,kebab
outputs/90,processes/660,strapping,products/181,butter
outputs/91,processes/805,threshing,products/484,squash
outputs/92,processes/523,sorting,products/774,artichokes
outputs/93,processes/602,biological treatment,products/678,mustard
outputs/94,processes/727,emulsifying,products/543,water treatment
outputs/95,processes/649,precipitation,products/38,muffin
outputs/96,processes/631,mixing,products/846,turkey breast
outputs/97,processes/962,neutralization,products/279,metal waste
outputs/98,processes/770,deconsolidation,products/83,quinoa bowl
outputs/99,processes/376,neutralization,products/934,juice
outputs/100,processes/333,harvesting,products/520,herring
outputs/101,processes/481,neutralization,products/142,flounder
outputs/102,processes/958,drying,products/974,pork schnitzel
outputs/103,processes/509,heating,products/806,food scraps
outputs/104,processes/350,drying,products/96,parsnips
outputs/105,processes/81,refining,products/506,vinegar
outputs/106,processes/926,riveting,products/709,stevia
outputs/107,processes/300,recycling,products/160,macaroni
outputs/108,processes/880,packaging,products/348,white bread
outputs/109,processes/189,mercerizing,products/538,olive oil
outputs/110,processes/583,crystallization,products/271,enchilada
outputs/111,processes/276,unloading,products/686,wine
outputs/112,processes/347,spinning,products/76,chili
outputs/113,processes/195,grinding,products/502,lobster
outputs/114,processes/392,boiling,products/270,liqueur
outputs/115,processes/73,sorting,products/340,recycling
outputs/116,processes/195,grinding,products/981,squid
outputs/117,processes/804,welding,products/637,butter chicken
outputs/118,processes/341,flocculation,products/80,air treatment
outputs/119,processes/403,distribution,products/475,linguine
outputs/120,processes/141,biological treatment,products/984,coffee
outputs/121,processes/764,plowing,products/910,chili peppers
outputs/122,processes/466,composting,products/90,raisins
outputs/123,processes/196,bundle_wrapping,products/763,oat milk
outputs/124,processes/337,plating,products/59,brown sugar
outputs/125,processes/679,finishing,products/808,goulash
outputs/126,processes/610,sealing,products/804,food scraps
outputs/127,processes/13,annealing,products/810,lettuce
outputs/128,processes/958,drying,products/987,ramen
outputs/129,processes/682,spinning,products/106,grey water
outputs/130,processes/469,oxidation,products/631,spinach
outputs/131,processes/748,carton_forming,products/108,yogurt parfait
outputs/132,processes/668,composting,products/94,lettuce
outputs/133,processes/536,frying,products/386,champagne
outputs/134,processes/522,emulsifying,products/710,oats
outputs/135,processes/90,assembly,products/703,paprika
outputs/136,processes/1,boiling,products/736,bolognese
outputs/137,processes/806,loading,products/265,snapper
outputs/138,processes/24,compression,products/857,oysters
outputs/139,processes/345,weeding,products/368,burger
outputs/140,processes/854,fermentation,products/181,butter
outputs/141,processes/177,preheating,products/374,sashimi
outputs/142,processes/94,punching,products/112,pad thai
outputs/143,processes/254,precipitation,products/885,coleslaw
outputs/144,processes/757,coagulation,products/546,whiskey
outputs/145,processes/458,carton_forming,products/43,lasagna
outputs/146,processes/779,deconsolidation,products/34,curry
outputs/147,processes/459,filtration,products/290,tuna
outputs/148,processes/320,thermal treatment,products/597,guava
outputs/149,processes/825,fertilizing,products/890,recycling
outputs/150,processes/747,knitting,products/59,brown sugar
outputs/151,processes/565,sedimentation,products/523,spring rolls
outputs/152,processes/996,distribution,products/463,protein shake
outputs/153,processes/520,painting,products/513,tomatoes
outputs/154,processes/712,stamping,products/779,celery
outputs/155,processes/515,purification,products/115,nachos
outputs/156,processes/854,fermentation,products/32,chicken broth
outputs/157,processes/398,composting,products/775,metal waste
outputs/158,processes/854,fermentation,products/37,brussels sprouts
outputs/159,processes/397,dewatering,products/997,rogan josh
outputs/160,processes/389,storage,products/348,white bread
outputs/161,processes/94,punching,products/144,oil
outputs/162,processes/947,plating,products/728,goan fish
outputs/163,processes/468,sautéing,products/253,tomato puree
outputs/164,processes/412,spraying,products/212,rye bread
outputs/165,processes/658,evaporation,products/31,vindaloo
outputs/166,processes/747,knitting,products/565,sage
outputs/167,processes/96,gasification,products/45,molasses
outputs/168,processes/188,heat treatment,products/143,peanuts
outputs/169,processes/121,biological treatment,products/550,tilapia
outputs/170,processes/171,rolling,products/752,cooking oil waste
outputs/171,processes/13,annealing,products/836,vindaloo
outputs/172,processes/994,combustion,products/10,garlic
outputs/173,processes/662,forging,products/95,cheese
outputs/174,processes/444,deconsolidation,products/18,rye
outputs/175,processes/530,weeding,products/767,worcestershire sauce
outputs/176,processes/322,dehydration,products/769,caesar salad
outputs/177,processes/130,clarifying,products/988,coconut
outputs/178,processes/564,refining,products/734,yogurt parfait
outputs/179,processes/303,grilling,products/345,wastewater treatment
outputs/180,processes/754,condensation,products/34,curry
outputs/181,processes/140,grading,products/736,bolognese
outputs/182,processes/872,heat treatment,products/780,cumin
outputs/183,processes/599,recycling,products/516,baking soda
outputs/184,processes/854,fermentation,products/25,goulash
outputs/185,processes/869,thickening,products/638,mackerel
outputs/186,processes/759,braising,products/95,cheese
outputs/187,processes/475,punching,products/64,tomato paste
outputs/188,processes/202,stewing,products/220,avocado
outputs/189,processes/953,purification,products/238,compost
outputs/190,processes/630,printing,products/199,waste water
outputs/191,processes/188,heat treatment,products/152,soda
outputs/192,processes/747,knitting,products/117,whiskey
outputs/193,processes/755,expansion,products/91,vanilla
outputs/194,processes/175,spinning,products/363,paneer tikka
outputs/195,processes/654,homogenizing,products/404,pie
outputs/196,processes/516,combustion,products/74,chicken broth
outputs/197,processes/130,clarifying,products/958,beans
outputs/198,processes/437,shaping,products/657,zucchini
outputs/199,processes/226,harvesting,products/915,brussels sprouts
outputs/200,processes/423,polymerization,products/299,onions
outputs/201,processes/382,braising,products/268,bacon
outputs/202,processes/217,heating,products/969,lasagna bolognese
outputs/203,processes/793,aeration,products/634,grey water
outputs/204,processes/479,painting,products/258,dried cranberries
outputs/205,processes/687,marinating,products/19,biogas
outputs/206,processes/868,casting,products/77,brown sugar
outputs/207,processes/285,mercerizing,products/676,sandwich
outputs/208,processes/1002,finishing,products/800,peas
outputs/209,processes/142,harvesting,products/728,goan fish
outputs/210,processes/491,warehouse_operations,products/313,caesar salad
outputs/211,processes/7,marinating,products/972,cucumber
outputs/212,processes/572,carton_forming,products/25,goulash
outputs/213,processes/577,shrink_wrapping,products/300,eggplant parmesan
outputs/214,processes/546,refining,products/701,taco
outputs/215,processes/715,superheating,products/165,rice
outputs/216,processes/181,flocculation,products/967,packaging waste
outputs/217,processes/77,concentrating,products/127,walnuts
outputs/218,processes/369,stamping,products/1014,radishes
outputs/219,processes/918,crystallization,products/973,composting
outputs/220,processes/71,welding,products/725,okra
outputs/221,processes/21,filtering,products/840,prosciutto
outputs/222,processes/615,monitoring,products/405,vinegar
outputs/223,processes/746,sorting,products/587,soy
outputs/224,processes/129,oxidation,products/411,ice cream
outputs/225,processes/499,dewatering,products/898,bread
outputs/226,processes/576,calendering,products/29,chicken parmesan
outputs/227,processes/985,evaporation,products/76,chili
outputs/228,processes/81,refining,products/953,sunflower oil
outputs/229,processes/20,clarifying,products/848,caesar salad
outputs/230,processes/283,coating,products/401,meatloaf
outputs/231,processes/284,planting,products/401,meatloaf
outputs/232,processes/922,pruning,products/527,aspartame
outputs/233,processes/488,braising,products/215,chicken broth
outputs/234,processes/505,reverse osmosis,products/579,biscuits and gravy
outputs/235,processes/227,biological treatment,products/940,goan fish
outputs/236,processes/813,weaving,products/450,potatoes
outputs/237,processes/757,coagulation,products/339,apples
outputs/238,processes/228,superheating,products/11,onions
outputs/239,processes/842,marinating,products/824,fried chicken
outputs/240,processes/560,nitration,products/474,scallops
outputs/241,processes/399,thickening,products/327,kebab
outputs/242,processes/1003,baking,products/70,oregano
outputs/243,processes/604,threshing,products/416,soy sauce
outputs/244,processes/972,mixing,products/80,air treatment
outputs/245,processes/69,spinning,products/861,okra
outputs/246,processes/75,carton_forming,products/311,carbonara
outputs/247,processes/318,expansion,products/864,sunflower seeds
outputs/248,processes/559,bolting,products/12,clean water
outputs/249,processes/882,thermal treatment,products/961,beef
outputs/250,processes/38,smelting,products/816,eggs
outputs/251,processes/547,unloading,products/983,beef broth
outputs/252,processes/872,heat treatment,products/994,pumpkin
outputs/253,processes/84,extraction,products/749,rice
outputs/254,processes/965,poaching,products/460,pomegranate
outputs/255,processes/713,preheating,products/951,dried cranberries
outputs/256,processes/586,extraction,products/517,okra
outputs/257,processes/921,ion exchange,products/959,baking powder
outputs/258,processes/128,heating,products/606,chicken
outputs/259,processes/660,strapping,products/591,cereal
outputs/260,processes/480,winnowing,products/1012,cookies
outputs/261,processes/482,riveting,products/57,blueberries
outputs/262,processes/841,sterilizing,products/832,honey blend
outputs/263,processes/85,expansion,products/558,hazardous waste
outputs/264,processes/116,superheating,products/153,peas
outputs/265,processes/908,dehydration,products/543,water treatment
outputs/266,processes/599,recycling,products/546,whiskey
outputs/267,processes/198,labeling,products/1005,rye
outputs/268,processes/886,sautéing,products/569,yogurt parfait
outputs/269,processes/744,bending,products/554,white bread
outputs/270,processes/127,extraction,products/74,chicken broth
outputs/271,processes/211,recycling,products/440,dumpling
outputs/272,processes/451,warehouse_operations,products/429,walnuts
outputs/273,processes/652,desuperheating,products/182,tilapia
outputs/274,processes/15,carton_forming,products/491,burger
outputs/275,processes/1003,baking,products/612,sardines
outputs/276,processes/795,shrink_wrapping,products/208,gelato
outputs/277,processes/985,evaporation,products/215,chicken broth
outputs/278,processes/230,blending,products/9,sugar
outputs/279,processes/993,handling,products/601,pumpkin
outputs/280,processes/754,condensation,products/71,sugar
outputs/281,processes/839,forging,products/866,butter
outputs/282,processes/372,bending,products/755,bagels
outputs/283,processes/664,aerobic treatment,products/860,meatball
outputs/284,processes/822,purification,products/421,avocado
outputs/285,processes/94,punching,products/732,cauliflower
outputs/286,processes/527,threshing,products/534,quesadilla
outputs/287,processes/104,filling,products/172,veal
outputs/288,processes/822,purification,products/424,grouper
outputs/289,processes/537,frying,products/798,rice
outputs/290,processes/299,oxidation,products/831,blackberries
outputs/291,processes/586,extraction,products/90,raisins
outputs/292,processes/108,incineration,products/806,food scraps
outputs/293,processes/717,extraction,products/172,veal
outputs/294,processes/614,casting,products/652,almonds
outputs/295,processes/103,unloading,products/348,white bread
outputs/296,processes/435,cooling,products/815,wheat
outputs/297,processes/705,injection molding,products/326,oats
outputs/298,processes/558,palletizing,products/356,vinegar
outputs/299,processes/949,thermal treatment,products/940,goan fish
outputs/300,processes/313,injection molding,products/97,cauliflower
outputs/301,processes/965,poaching,products/80,air treatment
outputs/302,processes/39,roasting,products/618,honey
outputs/303,processes/430,nitration,products/648,ginger
outputs/304,processes/165,beaming,products/99,grouper
outputs/305,processes/515,purification,products/972,cucumber
outputs/306,processes/285,mercerizing,products/479,linguine
outputs/307,processes/441,finishing,products/474,scallops
outputs/308,processes/572,carton_forming,products/66,enchilada
outputs/309,processes/858,plowing,products/90,raisins
outputs/310,processes/754,condensation,products/773,burrito
outputs/311,processes/174,flocculation,products/776,bananas
outputs/312,processes/126,caramelizing,products/174,beef
outputs/313,processes/334,physical separation,products/49,grouper
outputs/314,processes/884,sorting,products/759,glass waste
outputs/315,processes/874,wrapping,products/522,caesar salad
outputs/316,processes/74,shearing,products/762,beans
outputs/317,processes/68,case_packing,products/20,peanuts
outputs/318,processes/503,simmering,products/28,spinach
outputs/319,processes/904,grading,products/185,broccoli
outputs/320,processes/687,marinating,products/663,pears
outputs/321,processes/103,unloading,products/357,potato salad
outputs/322,processes/103,unloading,products/598,prunes
outputs/323,processes/873,punching,products/525,cheese
outputs/324,processes/358,grading,products/963,strawberries
outputs/325,processes/427,filtering,products/636,kiwi
outputs/326,processes/887,precipitation,products/150,paprika
outputs/327,processes/261,grinding,products/1014,radishes
outputs/328,processes/39,roasting,products/855,grey water
outputs/329,processes/561,cooling,products/1010,yeast
outputs/330,processes/506,winnowing,products/538,olive oil
outputs/331,processes/904,grading,products/190,rogan josh
outputs/332,processes/383,packaging,products/6,hot dogs
outputs/333,processes/733,spinning,products/751,tagliatelle
outputs/334,processes/920,strapping,products/922,biogas
outputs/335,processes/547,unloading,products/538,olive oil
outputs/336,processes/644,calendering,products/69,naan
outputs/337,processes/420,palletizing,products/426,tandoori
outputs/338,processes/893,concentrating,products/701,taco
outputs/339,processes/546,refining,products/733,cocoa
outputs/340,processes/624,cooling,products/638,mackerel
outputs/341,processes/309,sautéing,products/447,sage
outputs/342,processes/696,chlorination,products/616,bolognese
outputs/343,processes/9,riveting,products/101,biscuits
outputs/344,processes/32,grading,products/402,potatoes
outputs/345,processes/756,anaerobic digestion,products/122,acai
outputs/346,processes/184,threshing,products/772,baking soda
outputs/347,processes/909,smoking,products/771,cucumber
outputs/348,processes/982,sealing,products/66,enchilada
outputs/349,processes/354,loading,products/187,passion fruit
outputs/350,processes/373,cooling,products/498,bouillabaisse
outputs/351,processes/912,chemical treatment,products/322,dal
outputs/352,processes/872,heat treatment,products/954,mustard seeds
outputs/353,processes/328,stabilizing,products/12,clean water
outputs/354,processes/359,braising,products/75,grey water
outputs/355,processes/943,reverse osmosis,products/443,soy sauce
outputs/356,processes/181,flocculation,products/909,meatball
outputs/357,processes/582,sorting,products/289,butter chicken
outputs/358,processes/162,condensation,products/961,beef
outputs/359,processes/666,wrapping,products/430,miso soup
outputs/360,processes/116,superheating,products/198,wonton
outputs/361,processes/352,winnowing,products/583,goan fish
outputs/362,processes/124,concentrating,products/35,gelato
outputs/363,processes/264,gasification,products/497,rice
outputs/364,processes/538,tempering,products/366,linguine
outputs/365,processes/84,extraction,products/531,salmon
outputs/366,processes/356,liquefaction,products/1006,beer
outputs/367,processes/384,packaging,products/274,biogas
outputs/368,processes/7,marinating,products/767,worcestershire sauce
outputs/369,processes/146,esterification,products/171,eggplant
outputs/370,processes/648,amination,products/70,oregano
outputs/371,processes/169,superheating,products/805,paneer tikka
outputs/372,processes/575,rolling,products/932,turmeric
outputs/373,processes/39,roasting,products/824,fried chicken
outputs/374,processes/989,coating,products/708,fettuccine
outputs/375,processes/530,weeding,products/129,mango
outputs/376,processes/479,painting,products/684,leeks
outputs/377,processes/845,forging,products/249,grey water
outputs/378,processes/866,heat treatment,products/392,hazardous waste
outputs/379,processes/984,compression,products/215,chicken broth
outputs/380,processes/579,gasification,products/372,raisins
outputs/381,processes/294,physical separation,products/456,nachos
outputs/382,processes/370,threshing,products/712,beef broth
outputs/383,processes/844,reduction,products/67,bolognese
outputs/384,processes/702,storage,products/716,bagels
outputs/385,processes/114,fermenting,products/124,anchovies
outputs/386,processes/734,painting,products/31,vindaloo
outputs/387,processes/590,superheating,products/669,alfredo
outputs/388,processes/337,plating,products/839,mayonnaise
outputs/389,processes/120,grilling,products/6,hot dogs
outputs/390,processes/911,superheating,products/25,goulash
outputs/391,processes/184,threshing,products/276,quesadilla
outputs/392,processes/608,annealing,products/644,gin
outputs/393,processes/387,casting,products/39,risotto
outputs/394,processes/959,smoking,products/277,eggs
outputs/395,processes/592,pasteurizing,products/826,oysters
outputs/396,processes/631,mixing,products/134,canola oil
outputs/397,processes/676,bromination,products/220,avocado
outputs/398,processes/741,landfilling,products/434,duck
outputs/399,processes/942,physical separation,products/409,sesame seeds
outputs/400,processes/751,beaming,products/529,hot dog
outputs/401,processes/260,biological treatment,products/476,raisins
outputs/402,processes/853,purification,products/543,water treatment
outputs/403,processes/338,carton_forming,products/509,cod
outputs/404,processes/488,braising,products/169,tuna
outputs/405,processes/777,condensation,products/214,chickpeas
outputs/406,processes/149,drawing,products/412,dal
outputs/407,processes/894,storage,products/916,ginger
outputs/408,processes/237,concentrating,products/742,quesadilla
outputs/409,processes/761,recycling,products/855,grey water
outputs/410,processes/419,incineration,products/671,shrimp
outputs/411,processes/283,coating,products/594,coffee
outputs/412,processes/789,compacting,products/341,wastewater treatment
outputs/413,processes/850,printing,products/843,baking powder
outputs/414,processes/370,threshing,products/301,quesadilla
outputs/415,processes/948,filtering,products/81,clams
outputs/416,processes/283,coating,products/113,brussels sprouts
outputs/417,processes/387,casting,products/286,garlic
outputs/418,processes/36,printing,products/170,empanada
outputs/419,processes/392,boiling,products/402,potatoes
outputs/420,processes/672,thickening,products/632,bolognese
outputs/421,processes/753,dewatering,products/331,chimichanga
outputs/422,processes/717,extraction,products/87,eggs
outputs/423,processes/632,sorting,products/265,snapper
outputs/424,processes/275,rolling,products/294,baking powder
outputs/425,processes/820,welding,products/328,chili powder
outputs/426,processes/884,sorting,products/836,vindaloo
outputs/427,processes/319,consolidation,products/115,nachos
outputs/428,processes/975,poaching,products/840,prosciutto
outputs/429,processes/139,distribution,products/19,biogas
outputs/430,processes/854,fermentation,products/309,lobster
outputs/431,processes/324,assembly,products/706,butter
outputs/432,processes/741,landfilling,products/425,basil
outputs/433,processes/687,marinating,products/460,pomegranate
outputs/434,processes/138,warehouse_operations,products/200,canola oil
outputs/435,processes/657,bleaching,products/1011,peaches
outputs/436,processes/103,unloading,products/437,clams
outputs/437,processes/440,preserving,products/489,greek salad
outputs/438,processes/494,incineration,products/644,gin
outputs/439,processes/688,marinating,products/468,scallops
outputs/440,processes/561,cooling,products/673,beef wellington
outputs/441,processes/866,heat treatment,products/216,mushrooms
outputs/442,processes/685,weaving,products/422,anaerobic digestion
outputs/443,processes/674,rolling,products/431,coffee
outputs/444,processes/719,calendering,products/615,wine
outputs/445,processes/156,grinding,products/28,spinach
outputs/446,processes/460,fertilizing,products/208,gelato
outputs/447,processes/73,sorting,products/830,taco
outputs/448,processes/664,aerobic treatment,products/116,landfill
outputs/449,processes/975,poaching,products/630,limes
outputs/450,processes/416,roasting,products/643,soy
outputs/451,processes/175,spinning,products/64,tomato paste
outputs/452,processes/775,aerobic treatment,products/320,beef brisket
outputs/453,processes/509,heating,products/543,water treatment
outputs/454,processes/519,threshing,products/674,landfill
outputs/455,processes/85,expansion,products/953,sunflower oil
outputs/456,processes/97,reduction,products/809,rye
outputs/457,processes/817,labeling,products/806,food scraps
outputs/458,processes/877,unloading,products/419,lemons
outputs/459,processes/473,sealing,products/591,cereal
outputs/460,processes/807,homogenizing,products/919,peaches
outputs/461,processes/835,handling,products/176,basil
outputs/462,processes/967,thinning,products/111,tilapia
outputs/463,processes/758,preheating,products/154,plastic waste
outputs/464,processes/554,purification,products/263,pulled pork
outputs/465,processes/542,fermentation,products/158,chickpeas
outputs/466,processes/913,casting,products/392,hazardous waste
outputs/467,processes/330,forming,products/156,yeast
outputs/468,processes/110,carton_forming,products/967,packaging waste
outputs/469,processes/122,desuperheating,products/717,haddock
outputs/470,processes/774,coating,products/892,corn
outputs/471,processes/661,labeling,products/423,caprese
outputs/472,processes/618,strapping,products/947,artichokes
outputs/473,processes/730,spinning,products/216,mushrooms
outputs/474,processes/633,sizing,products/165,rice
outputs/475,processes/673,biological treatment,products/539,papaya
outputs/476,processes/668,composting,products/182,tilapia
outputs/477,processes/198,labeling,products/290,tuna
outputs/478,processes/681,loading,products/801,potato salad
outputs/479,processes/734,painting,products/296,worcestershire sauce
outputs/480,processes/491,warehouse_operations,products/26,teriyaki
outputs/481,processes/927,heat treatment,products/10,garlic
outputs/482,processes/41,condensation,products/859,ketchup
outputs/483,processes/141,biological treatment,products/11,onions
outputs/484,processes/239,welding,products/790,prunes
outputs/485,processes/362,compacting,products/241,eggplant
outputs/486,processes/707,crystallization,products/966,white bread
outputs/487,processes/228,superheating,products/766,caesar salad
outputs/488,processes/35,cooling,products/228,parsley
outputs/489,processes/257,nitration,products/30,molasses
outputs/490,processes/579,gasification,products/1008,almond milk
outputs/491,processes/640,compacting,products/113,brussels sprouts
outputs/492,processes/252,polymerization,products/44,chimichanga
outputs/493,processes/967,thinning,products/98,almond milk
outputs/494,processes/944,packaging,products/459,parsnips
outputs/495,processes/842,marinating,products/525,cheese
outputs/496,processes/670,annealing,products/609,chimichanga
outputs/497,processes/846,refining,products/493,dragon fruit
outputs/498,processes/248,centrifuging,products/505,pho
outputs/499,processes/360,esterification,products/488,sandwich
outputs/500,processes/203,bromination,products/612,sardines
outputs/501,processes/23,physical separation,products/237,sunflower seeds
outputs/502,processes/570,centrifuging,products/884,gumbo
outputs/503,processes/542,fermentation,products/347,sports drink
outputs/504,processes/325,braising,products/878,veal marsala
outputs/505,processes/620,thickening,products/107,palm oil
outputs/506,processes/845,forging,products/296,worcestershire sauce
outputs/507,processes/126,caramelizing,products/584,halibut
outputs/508,processes/777,condensation,products/419,lemons
outputs/509,processes/905,casting,products/912,risotto
outputs/510,processes/102,bleaching,products/724,grey water
outputs/511,processes/851,sedimentation,products/780,cumin
outputs/512,processes/480,winnowing,products/922,biogas
outputs/513,processes/802,drawing,products/159,gin
outputs/514,processes/308,forging,products/155,hot dog
outputs/515,processes/370,threshing,products/340,recycling
outputs/516,processes/722,spinning,products/198,wonton
outputs/517,processes/897,braising,products/655,palm oil
outputs/518,processes/518,shredding,products/555,turkey breast
outputs/519,processes/964,stamping,products/426,tandoori
outputs/520,processes/963,monitoring,products/920,beef broth
outputs/521,processes/571,nitration,products/557,kale
outputs/522,processes/536,frying,products/941,beef stroganoff
outputs/523,processes/76,separating,products/323,butter
outputs/524,processes/169,superheating,products/626,guava
outputs/525,processes/352,winnowing,products/197,sweet potatoes
outputs/526,processes/676,bromination,products/275,mustard seeds
outputs/527,processes/454,roasting,products/488,sandwich
outputs/528,processes/339,condensation,products/855,grey water
outputs/529,processes/833,homogenizing,products/394,beef
outputs/530,processes/199,reduction,products/192,sunflower oil
outputs/531,processes/217,heating,products/516,baking soda
outputs/532,processes/127,extraction,products/17,paneer tikka
outputs/533,processes/54,filtration,products/750,salt
outputs/534,processes/292,beaming,products/351,haddock
outputs/535,processes/49,purification,products/96,parsnips
outputs/536,processes/570,centrifuging,products/822,bananas
outputs/537,processes/888,shearing,products/239,duck
outputs/538,processes/135,stewing,products/523,spring rolls
outputs/539,processes/866,heat treatment,products/895,scallops
outputs/540,processes/335,coating,products/734,yogurt parfait
outputs/541,processes/812,chlorination,products/497,rice
outputs/542,processes/69,spinning,products/786,pasta
outputs/543,processes/415,bolting,products/781,brussels sprouts
outputs/544,processes/77,concentrating,products/35,gelato
outputs/545,processes/896,forming,products/770,rye bread
outputs/546,processes/69,spinning,products/540,biscuits and gravy
outputs/547,processes/150,warping,products/390,leeks
outputs/548,processes/764,plowing,products/575,ginger
outputs/549,processes/690,strapping,products/189,nutmeg
outputs/550,processes/215,recycling,products/355,tilapia
outputs/551,processes/208,thinning,products/564,cream
outputs/552,processes/897,braising,products/672,burrito
outputs/553,processes/3,combining,products/481,coleslaw
outputs/554,processes/941,spinning,products/442,bagels
outputs/555,processes/789,compacting,products/120,pilaf
outputs/556,processes/137,flocculation,products/716,bagels
outputs/557,processes/920,strapping,products/778,scone
outputs/558,processes/860,aerobic treatment,products/710,oats
outputs/559,processes/729,annealing,products/512,anchovies
outputs/560,processes/12,poaching,products/496,gin
outputs/561,processes/631,mixing,products/598,prunes
outputs/562,processes/341,flocculation,products/392,hazardous waste
outputs/563,processes/105,warehouse_operations,products/680,lemons
outputs/564,processes/41,condensation,products/645,beets
outputs/565,processes/758,preheating,products/350,sardines
outputs/566,processes/329,warping,products/960,rogan josh
outputs/567,processes/837,tempering,products/491,burger
outputs/568,processes/817,labeling,products/832,honey blend
outputs/569,processes/430,nitration,products/391,haddock
outputs/570,processes/498,unloading,products/238,compost
outputs/571,processes/768,capping,products/222,pumpkin
outputs/572,processes/661,labeling,products/227,agave nectar
outputs/573,processes/192,biological treatment,products/774,artichokes
outputs/574,processes/174,flocculation,products/159,gin
outputs/575,processes/45,combustion,products/301,quesadilla
outputs/576,processes/917,unloading,products/99,grouper
outputs/577,processes/709,carding,products/769,caesar salad
outputs/578,processes/707,crystallization,products/925,pineapple
outputs/579,processes/488,braising,products/119,donut
outputs/580,processes/99,chemical treatment,products/856,biscuits and gravy
outputs/581,processes/223,labeling,products/631,spinach
outputs/582,processes/762,loading,products/508,vodka
outputs/583,processes/380,chlorination,products/663,pears
outputs/584,processes/537,frying,products/609,chimichanga
outputs/585,processes/257,nitration,products/737,dried cranberries
outputs/586,processes/332,bleaching,products/199,waste water
outputs/587,processes/588,combustion,products/168,cocoa
outputs/588,processes/135,stewing,products/549,salad
outputs/589,processes/619,landfilling,products/473,pork schnitzel
outputs/590,processes/519,threshing,products/817,snapper
outputs/591,processes/624,cooling,products/147,jambalaya
outputs/592,processes/550,forging,products/832,honey blend
outputs/593,processes/409,caramelizing,products/993,chocolate
outputs/594,processes/156,grinding,products/405,vinegar
outputs/595,processes/99,chemical treatment,products/232,honey blend
outputs/596,processes/628,drying,products/427,risotto
outputs/597,processes/921,ion exchange,products/297,broccoli
outputs/598,processes/939,pyrolysis,products/254,wine
outputs/599,processes/807,homogenizing,products/770,rye bread
outputs/600,processes/589,coagulation,products/58,thyme
outputs/601,processes/992,reverse osmosis,products/252,cauliflower
outputs/602,processes/717,extraction,products/888,strawberries
outputs/603,processes/731,roasting,products/741,granola
outputs/604,processes/366,shrink_wrapping,products/364,alfredo
outputs/605,processes/223,labeling,products/22,dates
outputs/606,processes/858,plowing,products/1013,lettuce
outputs/607,processes/434,braising,products/848,caesar salad
outputs/608,processes/806,loading,products/874,whiskey
outputs/609,processes/153,rolling,products/277,eggs
outputs/610,processes/522,emulsifying,products/122,acai
outputs/611,processes/980,stamping,products/368,burger
outputs/612,processes/469,oxidation,products/723,gyoza
outputs/613,processes/989,coating,products/370,parsnips
outputs/614,processes/927,heat treatment,products/124,anchovies
outputs/615,processes/563,plowing,products/869,pepperoni
outputs/616,processes/141,biological treatment,products/143,peanuts
outputs/617,processes/917,unloading,products/270,liqueur
outputs/618,processes/837,tempering,products/470,rum
outputs/619,processes/31,blending,products/375,gelato
outputs/620,processes/115,carton_forming,products/701,taco
outputs/621,processes/739,homogenizing,products/633,walnuts
outputs/622,processes/475,punching,products/540,biscuits and gravy
outputs/623,processes/454,roasting,products/446,scallops
outputs/624,processes/635,pressing,products/97,cauliflower
outputs/625,processes/609,landfilling,products/12,clean water
outputs/626,processes/619,landfilling,products/487,sushi
outputs/627,processes/898,pruning,products/587,soy
outputs/628,processes/394,spraying,products/601,pumpkin
outputs/629,processes/97,reduction,products/682,sports drink
outputs/630,processes/531,drawing,products/544,cookies
outputs/631,processes/463,carton_forming,products/637,butter chicken
outputs/632,processes/313,injection molding,products/318,tomatoes
outputs/633,processes/995,forging,products/877,veal marsala
outputs/634,processes/575,rolling,products/199,waste water
outputs/635,processes/810,labeling,products/650,peas
outputs/636,processes/936,handling,products/322,dal
outputs/637,processes/445,warehouse_operations,products/256,canola oil
outputs/638,processes/434,braising,products/858,zucchini
outputs/639,processes/692,twisting,products/652,almonds
outputs/640,processes/474,UV treatment,products/621,soup
outputs/641,processes/763,palletizing,products/488,sandwich
outputs/642,processes/641,thinning,products/616,bolognese
outputs/643,processes/26,compression,products/691,trout
outputs/644,processes/889,wrapping,products/143,peanuts
outputs/645,processes/86,loading,products/54,butter chicken
outputs/646,processes/489,rolling,products/1001,aspartame
outputs/647,processes/631,mixing,products/792,chicken
outputs/648,processes/156,grinding,products/425,basil
outputs/649,processes/4,pyrolysis,products/581,rum
outputs/650,processes/375,caramelizing,products/332,couscous
outputs/651,processes/600,marinating,products/705,coconut milk
outputs/652,processes/940,labeling,products/105,ice cream
outputs/653,processes/800,drawing,products/335,sausage
outputs/654,processes/935,evaporation,products/435,rogan josh
outputs/655,processes/442,dewatering,products/911,grouper
outputs/656,processes/456,beaming,products/471,ribs
outputs/657,processes/761,recycling,products/479,linguine
outputs/658,processes/485,recycling,products/649,parsnips
outputs/659,processes/857,sorting,products/74,chicken broth
outputs/660,processes/597,carton_forming,products/386,champagne
outputs/661,processes/327,capping,products/247,cabbage
outputs/662,processes/967,thinning,products/19,biogas
outputs/663,processes/460,fertilizing,products/70,oregano
outputs/664,processes/462,sealing,products/970,cherries
outputs/665,processes/139,distribution,products/183,garlic
outputs/666,processes/246,preheating,products/743,spaghetti
outputs/667,processes/178,drawing,products/878,veal marsala
outputs/668,processes/871,roasting,products/304,chili
outputs/669,processes/637,welding,products/619,beef
outputs/670,processes/332,bleaching,products/835,composting
outputs/671,processes/977,sedimentation,products/226,turkey
outputs/672,processes/61,steaming,products/671,shrimp
outputs/673,processes/370,threshing,products/594,coffee
outputs/674,processes/313,injection molding,products/770,rye bread
outputs/675,processes/934,sealing,products/985,yams
outputs/676,processes/691,pyrolysis,products/996,granola
outputs/677,processes/680,shrink_wrapping,products/54,butter chicken
outputs/678,processes/140,grading,products/496,gin
outputs/679,processes/517,refining,products/819,cod
outputs/680,processes/908,dehydration,products/291,lettuce
outputs/681,processes/775,aerobic treatment,products/181,butter
outputs/682,processes/177,preheating,products/529,hot dog
outputs/683,processes/569,spinning,products/979,molasses
outputs/684,processes/104,filling,products/921,soup
outputs/685,processes/890,stripping,products/437,clams
outputs/686,processes/304,carton_forming,products/799,plastic waste
outputs/687,processes/376,neutralization,products/656,anaerobic digestion
outputs/688,processes/425,deconsolidation,products/454,milk
outputs/689,processes/138,warehouse_operations,products/476,raisins
outputs/690,processes/269,simmering,products/297,broccoli
outputs/691,processes/88,plating,products/438,parsnips
outputs/692,processes/662,forging,products/573,enchilada
outputs/693,processes/502,screening,products/316,lemons
outputs/694,processes/988,shearing,products/679,risotto
outputs/695,processes/779,deconsolidation,products/217,veal marsala
outputs/696,processes/279,dewatering,products/371,sausage
outputs/697,processes/364,aeration,products/931,pie
outputs/698,processes/335,coating,products/328,chili powder
outputs/699,processes/455,monitoring,products/551,turkey breast
outputs/700,processes/693,consolidation,products/101,biscuits
outputs/701,processes/226,harvesting,products/60,soy
outputs/702,processes/611,monitoring,products/311,carbonara
outputs/703,processes/867,crystallization,products/788,hot dog
outputs/704,processes/422,carding,products/758,udon
outputs/705,processes/81,refining,products/474,scallops
outputs/706,processes/673,biological treatment,products/553,duck
outputs/707,processes/891,threshing,products/347,sports drink
outputs/708,processes/28,stewing,products/461,salami
outputs/709,processes/610,sealing,products/401,meatloaf
outputs/710,processes/504,case_packing,products/362,paneer tikka
outputs/711,processes/600,marinating,products/977,aspartame
outputs/712,processes/670,annealing,products/1006,beer
outputs/713,processes/956,felting,products/780,cumin
outputs/714,processes/889,wrapping,products/595,garlic
outputs/715,processes/175,spinning,products/25,goulash
outputs/716,processes/627,quality_control,products/715,blueberries
outputs/717,processes/549,compression,products/736,bolognese
outputs/718,processes/140,grading,products/678,mustard
outputs/719,processes/16,wrapping,products/97,cauliflower
outputs/720,processes/562,clarifying,products/992,miso soup
outputs/721,processes/736,mercerizing,products/712,beef broth
outputs/722,processes/789,compacting,products/794,ketchup
outputs/723,processes/6,carton_forming,products/180,burger
outputs/724,processes/21,filtering,products/495,salami
outputs/725,processes/877,unloading,products/612,sardines
outputs/726,processes/840,caramelizing,products/573,enchilada
outputs/727,processes/210,forging,products/170,empanada
outputs/728,processes/595,consolidation,products/344,protein shake
outputs/729,processes/404,crystallization,products/350,sardines
outputs/730,processes/120,grilling,products/241,eggplant
outputs/731,processes/986,reduction,products/856,biscuits and gravy
outputs/732,processes/987,stabilizing,products/559,donut
outputs/733,processes/504,case_packing,products/138,corn
outputs/734,processes/463,carton_forming,products/627,crab
outputs/735,processes/634,stripping,products/299,onions
outputs/736,processes/510,stewing,products/822,bananas
outputs/737,processes/523,sorting,products/680,lemons
outputs/738,processes/822,purification,products/190,rogan josh
outputs/739,processes/904,grading,products/1,spaghetti
outputs/740,processes/564,refining,products/27,fried chicken
outputs/741,processes/996,distribution,products/984,coffee
outputs/742,processes/692,twisting,products/626,guava
outputs/743,processes/150,warping,products/558,hazardous waste
outputs/744,processes/299,oxidation,products/374,sashimi
outputs/745,processes/413,nitration,products/549,salad
outputs/746,processes/239,welding,products/9,sugar
outputs/747,processes/305,plowing,products/16,olive oil
outputs/748,processes/770,deconsolidation,products/31,vindaloo
outputs/749,processes/159,coagulation,products/363,paneer tikka
outputs/750,processes/178,drawing,products/441,pudding
outputs/751,processes/484,threshing,products/984,coffee
outputs/752,processes/388,punching,products/155,hot dog
outputs/753,processes/624,cooling,products/178,tandoori
outputs/754,processes/395,labeling,products/982,veal marsala
outputs/755,processes/957,irrigating,products/447,sage
outputs/756,processes/709,carding,products/130,salt
outputs/757,processes/270,storage,products/593,salt
outputs/758,processes/846,refining,products/1010,yeast
outputs/759,processes/967,thinning,products/314,carrots
outputs/760,processes/244,frying,products/940,goan fish
outputs/761,processes/259,steaming,products/170,empanada
outputs/762,processes/87,liquefaction,products/508,vodka
outputs/763,processes/147,blending,products/898,bread
outputs/764,processes/525,twisting,products/290,tuna
outputs/765,processes/719,calendering,products/231,almonds
outputs/766,processes/794,caramelizing,products/286,garlic
outputs/767,processes/45,combustion,products/934,juice
outputs/768,processes/732,quality_control,products/497,rice
outputs/769,processes/999,machining,products/257,duck
outputs/770,processes/455,monitoring,products/100,metal waste
outputs/771,processes/200,welding,products/293,vodka
outputs/772,processes/965,poaching,products/715,blueberries
outputs/773,processes/495,sealing,products/307,whiskey
outputs/774,processes/360,esterification,products/283,peanuts
outputs/775,processes/266,strapping,products/767,worcestershire sauce
outputs/776,processes/195,grinding,products/92,oregano
outputs/777,processes/324,assembly,products/762,beans
outputs/778,processes/449,expansion,products/910,chili peppers
outputs/779,processes/500,oxidation,products/95,cheese
outputs/780,processes/815,palletizing,products/308,chimichanga
outputs/781,processes/175,spinning,products/644,gin
outputs/782,processes/335,coating,products/245,rosemary
outputs/783,processes/810,labeling,products/928,champagne
outputs/784,processes/70,consolidation,products/678,mustard
outputs/785,processes/713,preheating,products/653,protein shake
outputs/786,processes/288,chemical treatment,products/1,spaghetti
outputs/787,processes/914,grading,products/620,smoothie
outputs/788,processes/297,fermentation,products/953,sunflower oil
outputs/789,processes/607,refining,products/190,rogan josh
outputs/790,processes/926,riveting,products/624,empanada
outputs/791,processes/476,adsorption,products/718,soda
outputs/792,processes/199,reduction,products/425,basil
outputs/793,processes/168,curing,products/494,paprika
outputs/794,processes/692,twisting,products/242,rye bread
outputs/795,processes/510,stewing,products/408,mango
outputs/796,processes/353,screening,products/623,stevia
outputs/797,processes/12,poaching,products/934,juice
outputs/798,processes/906,spinning,products/461,salami
outputs/799,processes/971,shredding,products/561,butter chicken
outputs/800,processes/202,stewing,products/194,goji berries
outputs/801,processes/669,dewatering,products/522,caesar salad
outputs/802,processes/817,labeling,products/331,chimichanga
outputs/803,processes/779,deconsolidation,products/808,goulash
outputs/804,processes/278,case_packing,products/339,apples
outputs/805,processes/553,calendering,products/806,food scraps
outputs/806,processes/450,esterification,products/911,grouper
outputs/807,processes/676,bromination,products/912,risotto
outputs/808,processes/622,sorting,products/997,rogan josh
outputs/809,processes/274,sizing,products/974,pork schnitzel
outputs/810,processes/456,beaming,products/761,pita
outputs/811,processes/859,labeling,products/743,spaghetti
outputs/812,processes/500,oxidation,products/1011,peaches
outputs/813,processes/250,warehouse_operations,products/724,grey water
outputs/814,processes/629,harvesting,products/183,garlic
outputs/815,processes/739,homogenizing,products/248,cocoa
outputs/816,processes/960,loading,products/329,blackberries
outputs/817,processes/869,thickening,products/963,strawberries
outputs/818,processes/414,forging,products/369,bouillabaisse
outputs/819,processes/579,gasification,products/843,baking powder
outputs/820,processes/974,steaming,products/136,veal
outputs/821,processes/533,biological treatment,products/414,pudding
outputs/822,processes/627,quality_control,products/346,potatoes
outputs/823,processes/906,spinning,products/238,compost
outputs/824,processes/944,packaging,products/1006,beer
outputs/825,processes/783,calendering,products/176,basil
outputs/826,processes/11,precipitation,products/903,chili peppers
outputs/827,processes/61,steaming,products/263,pulled pork
outputs/828,processes/640,compacting,products/902,vanilla
outputs/829,processes/313,injection molding,products/241,eggplant
outputs/830,processes/718,grinding,products/489,greek salad
outputs/831,processes/845,forging,products/719,sushi
outputs/832,processes/325,braising,products/1013,lettuce
outputs/833,processes/278,case_packing,products/308,chimichanga
outputs/834,processes/364,aeration,products/639,celery
outputs/835,processes/942,physical separation,products/184,glass waste
outputs/836,processes/580,blending,products/127,walnuts
outputs/837,processes/647,amination,products/792,chicken
outputs/838,processes/188,heat treatment,products/9,sugar
outputs/839,processes/911,superheating,products/828,okra
outputs/840,processes/894,storage,products/440,dumpling
outputs/841,processes/299,oxidation,products/503,avocado
outputs/842,processes/760,spinning,products/147,jambalaya
outputs/843,processes/451,warehouse_operations,products/947,artichokes
outputs/844,processes/823,sorting,products/500,nachos
outputs/845,processes/344,pyrolysis,products/1012,cookies
outputs/846,processes/961,dyeing,products/119,donut
outputs/847,processes/964,stamping,products/398,burrito
outputs/848,processes/569,spinning,products/626,guava
outputs/849,processes/733,spinning,products/811,pork
outputs/850,processes/805,threshing,products/370,parsnips
outputs/851,processes/986,reduction,products/148,molasses
outputs/852,processes/364,aeration,products/642,soup
outputs/853,processes/446,cooling,products/595,garlic
outputs/854,processes/769,adsorption,products/872,pork
outputs/855,processes/151,liquefaction,products/604,coconut
outputs/856,processes/199,reduction,products/893,dates
outputs/857,processes/981,compacting,products/576,ketchup
outputs/858,processes/624,cooling,products/779,celery
outputs/859,processes/526,packaging,products/695,milk
outputs/860,processes/168,curing,products/244,metal waste
outputs/861,processes/659,sterilizing,products/317,dal
outputs/862,processes/470,case_packing,products/276,quesadilla
outputs/863,processes/332,bleaching,products/629,bananas
outputs/864,processes/521,fermentation,products/664,oregano
outputs/865,processes/530,weeding,products/611,pita
outputs/866,processes/722,spinning,products/633,walnuts
outputs/867,processes/993,handling,products/356,vinegar
outputs/868,processes/758,preheating,products/829,yeast
outputs/869,processes/590,superheating,products/393,hot dog
outputs/870,processes/711,sedimentation,products/419,lemons
outputs/871,processes/644,calendering,products/526,hot dog
outputs/872,processes/908,dehydration,products/208,gelato
outputs/873,processes/269,simmering,products/338,goan fish
outputs/874,processes/368,printing,products/246,eggplant parmesan
outputs/875,processes/706,desuperheating,products/211,quesadilla
outputs/876,processes/363,caramelizing,products/636,kiwi
outputs/877,processes/333,harvesting,products/640,mustard
outputs/878,processes/87,liquefaction,products/250,lemons
outputs/879,processes/948,filtering,products/878,veal marsala
outputs/880,processes/393,esterification,products/169,tuna
outputs/881,processes/360,esterification,products/1013,lettuce
outputs/882,processes/802,drawing,products/705,coconut milk
outputs/883,processes/817,labeling,products/137,sports drink
outputs/884,processes/278,case_packing,products/530,vanilla
outputs/885,processes/226,harvesting,products/387,beef broth
outputs/886,processes/818,palletizing,products/180,burger
outputs/887,processes/638,biological treatment,products/796,porridge
outputs/888,processes/264,gasification,products/549,salad
outputs/889,processes/210,forging,products/307,whiskey
outputs/890,processes/638,biological treatment,products/316,lemons
outputs/891,processes/956,felting,products/828,okra
outputs/892,processes/87,liquefaction,products/247,cabbage
outputs/893,processes/918,crystallization,products/663,pears
outputs/894,processes/349,compacting,products/493,dragon fruit
outputs/895,processes/554,purification,products/404,pie
outputs/896,processes/884,sorting,products/476,raisins
outputs/897,processes/710,palletizing,products/804,food scraps
outputs/898,processes/257,nitration,products/188,udon
outputs/899,processes/703,spinning,products/463,protein shake
outputs/900,processes/628,drying,products/561,butter chicken
outputs/901,processes/923,combustion,products/870,quesadilla
outputs/902,processes/621,crystallization,products/947,artichokes
outputs/903,processes/962,neutralization,products/1013,lettuce
outputs/904,processes/646,shearing,products/978,metal waste
outputs/905,processes/78,adsorption,products/291,lettuce
outputs/906,processes/147,blending,products/242,rye bread
outputs/907,processes/949,thermal treatment,products/685,green beans
outputs/908,processes/303,grilling,products/478,protein shake
outputs/909,processes/278,case_packing,products/742,quesadilla
outputs/910,processes/584,caramelizing,products/390,leeks
outputs/911,processes/34,warehouse_operations,products/734,yogurt parfait
outputs/912,processes/843,unloading,products/912,risotto
outputs/913,processes/141,biological treatment,products/883,vegetable broth
outputs/914,processes/603,reverse osmosis,products/320,beef brisket
outputs/915,processes/691,pyrolysis,products/440,dumpling
outputs/916,processes/199,reduction,products/604,coconut
outputs/917,processes/294,physical separation,products/726,haddock
outputs/918,processes/707,crystallization,products/250,lemons
outputs/919,processes/19,biological treatment,products/574,udon
outputs/920,processes/903,bending,products/407,tandoori
outputs/921,processes/706,desuperheating,products/677,wheat
outputs/922,processes/112,drying,products/489,greek salad
outputs/923,processes/595,consolidation,products/1002,rabbit
outputs/924,processes/973,plating,products/381,grouper
outputs/925,processes/548,roasting,products/870,quesadilla
outputs/926,processes/445,warehouse_operations,products/758,udon
outputs/927,processes/526,packaging,products/491,burger
outputs/928,processes/922,pruning,products/825,milk
outputs/929,processes/112,drying,products/481,coleslaw
outputs/930,processes/433,compression,products/356,vinegar
outputs/931,processes/258,filtration,products/4,waste water
outputs/932,processes/108,incineration,products/771,cucumber
outputs/933,processes/884,sorting,products/252,cauliflower
outputs/934,processes/447,printing,products/596,coconut
outputs/935,processes/953,purification,products/359,bell peppers
outputs/936,processes/823,sorting,products/555,turkey breast
outputs/937,processes/394,spraying,products/158,chickpeas
outputs/938,processes/412,spraying,products/184,glass waste
outputs/939,processes/985,evaporation,products/780,cumin
outputs/940,processes/431,wrapping,products/582,tandoori
outputs/941,processes/835,handling,products/566,yogurt parfait
outputs/942,processes/121,biological treatment,products/646,bell peppers
outputs/943,processes/222,grilling,products/767,worcestershire sauce
outputs/944,processes/34,warehouse_operations,products/517,okra
outputs/945,processes/985,evaporation,products/789,haddock
outputs/946,processes/873,punching,products/670,sorbet
outputs/947,processes/581,amination,products/324,anaerobic digestion
outputs/948,processes/116,superheating,products/293,vodka
outputs/949,processes/659,sterilizing,products/385,satay
outputs/950,processes/795,shrink_wrapping,products/552,sweet potatoes
outputs/951,processes/429,compacting,products/1004,guava
outputs/952,processes/820,welding,products/972,cucumber
outputs/953,processes/911,superheating,products/408,mango
outputs/954,processes/840,caramelizing,products/913,coconut milk
outputs/955,processes/419,incineration,products/395,flounder
outputs/956,processes/798,blanching,products/376,tortillas
outputs/957,processes/283,coating,products/510,mackerel
outputs/958,processes/202,stewing,products/597,guava
outputs/959,processes/19,biological treatment,products/990,sea bass
outputs/960,processes/562,clarifying,products/392,hazardous waste
outputs/961,processes/673,biological treatment,products/911,grouper
outputs/962,processes/822,purification,products/769,caesar salad
outputs/963,processes/914,grading,products/695,milk
outputs/964,processes/899,combustion,products/941,beef stroganoff
outputs/965,processes/499,dewatering,products/537,cocoa
outputs/966,processes/180,fertilizing,products/160,macaroni
outputs/967,processes/932,blending,products/600,oranges
outputs/968,processes/440,preserving,products/521,goulash
outputs/969,processes/435,cooling,products/742,quesadilla
outputs/970,processes/301,reverse osmosis,products/677,wheat
outputs/971,processes/269,simmering,products/786,pasta
outputs/972,processes/505,reverse osmosis,products/695,milk
outputs/973,processes/954,ozonation,products/383,granola
outputs/974,processes/655,consolidation,products/532,strawberries
outputs/975,processes/802,drawing,products/580,bell peppers
outputs/976,processes/132,baking,products/401,meatloaf
outputs/977,processes/272,filtration,products/1005,rye
outputs/978,processes/392,boiling,products/576,ketchup
outputs/979,processes/666,wrapping,products/756,pho
outputs/980,processes/939,pyrolysis,products/839,mayonnaise
outputs/981,processes/423,polymerization,products/390,leeks
outputs/982,processes/606,weeding,products/548,salami
outputs/983,processes/674,rolling,products/724,grey water
outputs/984,processes/675,condensation,products/943,ribs
outputs/985,processes/912,chemical treatment,products/886,pepperoni
outputs/986,processes/963,monitoring,products/100,metal waste
outputs/987,processes/381,consolidation,products/821,hot dog
outputs/988,processes/782,oxidation,products/195,beef wellington
outputs/989,processes/174,flocculation,products/483,cinnamon
outputs/990,processes/164,irrigating,products/237,sunflower seeds
outputs/991,processes/888,shearing,products/280,salt
outputs/992,processes/357,filling,products/635,pepperoni
outputs/993,processes/577,shrink_wrapping,products/208,gelato
outputs/994,processes/435,cooling,products/955,biscuits and gravy
outputs/995,processes/766,sorting,products/892,corn
outputs/996,processes/367,distribution,products/845,falafel
outputs/997,processes/582,sorting,products/120,pilaf
outputs/998,processes/274,sizing,products/548,salami
outputs/999,processes/5,simmering,products/600,oranges
outputs/1000,processes/79,composting,products/949,cashews
outputs/1001,processes/921,ion exchange,products/834,white bread
outputs/1002,processes/268,spraying,products/972,cucumber
outputs/1003,processes/94,punching,products/1003,artichokes
outputs/1004,processes/358,grading,products/891,wine
outputs/1005,processes/971,shredding,products/756,pho
outputs/1006,processes/86,loading,products/455,waste water
outputs/1007,processes/668,composting,products/105,ice cream
outputs/1008,processes/677,rolling,products/770,rye bread
outputs/1009,processes/260,biological treatment,products/721,crab
outputs/1010,processes/22,boiling,products/545,biogas
outputs/1011,processes/241,storage,products/703,paprika
outputs/1012,processes/886,sautéing,products/694,gumbo
outputs/1013,processes/1,boiling,products/4,waste water
outputs/1014,processes/881,evaporation,products/8,pepper
outputs/1015,processes/636,irrigating,products/369,bouillabaisse
outputs/1016,processes/378,centrifuging,products/805,paneer tikka
outputs/1017,processes/1,boiling,products/5,pasta
outputs/1018,processes/251,poaching,products/773,burrito
outputs/1019,processes/880,packaging,products/293,vodka
outputs/1020,processes/132,baking,products/668,salami
outputs/1021,processes/308,forging,products/986,herring
outputs/1022,processes/277,chemical treatment,products/918,grouper
outputs/1023,processes/909,smoking,products/218,beer
outputs/1024,processes/212,combustion,products/520,herring
outputs/1025,processes/331,anaerobic digestion,products/230,miso soup
outputs/1026,processes/599,recycling,products/437,clams
outputs/1027,processes/284,planting,products/788,hot dog
outputs/1028,processes/320,thermal treatment,products/614,ramen
outputs/1029,processes/535,thinning,products/639,celery
outputs/1030,processes/101,drawing,products/703,paprika
outputs/1031,processes/460,fertilizing,products/746,green beans
outputs/1032,processes/102,bleaching,products/206,air treatment
outputs/1033,processes/795,shrink_wrapping,products/752,cooking oil waste
outputs/1034,processes/428,grinding,products/307,whiskey
outputs/1035,processes/853,purification,products/982,veal marsala
outputs/1036,processes/298,chlorination,products/932,turmeric
outputs/1037,processes/42,winnowing,products/964,coconut oil
outputs/1038,processes/503,simmering,products/1015,bouillabaisse
outputs/1039,processes/244,frying,products/372,raisins
outputs/1040,processes/428,grinding,products/542,miso soup
outputs/1041,processes/972,mixing,products/959,baking powder
outputs/1042,processes/53,ozonation,products/678,mustard
outputs/1043,processes/724,superheating,products/434,duck
outputs/1044,processes/153,rolling,products/638,mackerel
outputs/1045,processes/685,weaving,products/972,cucumber
outputs/1046,processes/439,unloading,products/135,pears
outputs/1047,processes/13,annealing,products/537,cocoa
outputs/1048,processes/421,handling,products/584,halibut
outputs/1049,processes/327,capping,products/941,beef stroganoff
outputs/1050,processes/797,planting,products/148,molasses
outputs/1051,processes/320,thermal treatment,products/869,pepperoni
outputs/1052,processes/9,riveting,products/229,wonton
outputs/1053,processes/939,pyrolysis,products/600,oranges
outputs/1054,processes/63,steaming,products/412,dal
outputs/1055,processes/63,steaming,products/898,bread
outputs/1056,processes/498,unloading,products/978,metal waste
outputs/1057,processes/364,aeration,products/263,pulled pork
outputs/1058,processes/437,shaping,products/981,squid
outputs/1059,processes/371,sedimentation,products/890,recycling
outputs/1060,processes/94,punching,products/634,grey water
outputs/1061,processes/100,mixing,products/946,pomegranate
outputs/1062,processes/516,combustion,products/889,leeks
outputs/1063,processes/351,precipitation,products/631,spinach
outputs/1064,processes/482,riveting,products/454,milk
outputs/1065,processes/269,simmering,products/508,vodka
outputs/1066,processes/316,irrigating,products/711,tagliatelle
outputs/1067,processes/938,adsorption,products/604,coconut
outputs/1068,processes/813,weaving,products/778,scone
outputs/1069,processes/709,carding,products/700,food scraps
outputs/1070,processes/526,packaging,products/676,sandwich
outputs/1071,processes/460,fertilizing,products/529,hot dog
outputs/1072,processes/108,incineration,products/706,butter
outputs/1073,processes/22,boiling,products/734,yogurt parfait
outputs/1074,processes/896,forming,products/255,grapes
outputs/1075,processes/83,strapping,products/840,prosciutto
outputs/1076,processes/508,superheating,products/292,sorbet
outputs/1077,processes/338,carton_forming,products/645,beets
outputs/1078,processes/49,purification,products/928,champagne
outputs/1079,processes/726,cooling,products/254,wine
outputs/1080,processes/581,amination,products/342,mousse
outputs/1081,processes/919,capping,products/659,paneer tikka
outputs/1082,processes/29,stabilizing,products/946,pomegranate
outputs/1083,processes/54,filtration,products/681,udon
outputs/1084,processes/695,strapping,products/962,coleslaw
outputs/1085,processes/102,bleaching,products/6,hot dogs
outputs/1086,processes/696,chlorination,products/985,yams
outputs/1087,processes/658,evaporation,products/386,champagne
outputs/1088,processes/114,fermenting,products/234,air treatment
outputs/1089,processes/764,plowing,products/614,ramen
outputs/1090,processes/274,sizing,products/346,potatoes
outputs/1091,processes/605,sulfation,products/327,kebab
outputs/1092,processes/884,sorting,products/880,dates
outputs/1093,processes/203,bromination,products/134,canola oil
outputs/1094,processes/900,shrink_wrapping,products/847,chili powder
outputs/1095,processes/835,handling,products/370,parsnips
outputs/1096,processes/616,desuperheating,products/106,grey water
outputs/1097,processes/537,frying,products/201,crackers
outputs/1098,processes/182,sorting,products/824,fried chicken
outputs/1099,processes/829,separating,products/948,rice
outputs/1100,processes/778,stripping,products/189,nutmeg
outputs/1101,processes/932,blending,products/422,anaerobic digestion
outputs/1102,processes/43,bending,products/532,strawberries
outputs/1103,processes/416,roasting,products/615,wine
outputs/1104,processes/945,welding,products/176,basil
outputs/1105,processes/264,gasification,products/366,linguine
outputs/1106,processes/459,filtration,products/108,yogurt parfait
outputs/1107,processes/448,plowing,products/314,carrots
outputs/1108,processes/604,threshing,products/997,rogan josh
outputs/1109,processes/783,calendering,products/808,goulash
outputs/1110,processes/757,coagulation,products/285,hummus
outputs/1111,processes/755,expansion,products/243,bananas
outputs/1112,processes/965,poaching,products/881,halibut
outputs/1113,processes/238,evaporation,products/767,worcestershire sauce
outputs/1114,processes/328,stabilizing,products/415,cinnamon
outputs/1115,processes/566,storage,products/282,yams
outputs/1116,processes/374,grading,products/14,cheese
outputs/1117,processes/246,preheating,products/819,cod
outputs/1118,processes/306,biological treatment,products/439,sandwich
outputs/1119,processes/903,bending,products/197,sweet potatoes
outputs/1120,processes/704,warehouse_operations,products/74,chicken broth
outputs/1121,processes/79,composting,products/94,lettuce
outputs/1122,processes/122,desuperheating,products/823,sugar
outputs/1123,processes/67,threshing,products/78,prosciutto
outputs/1124,processes/149,drawing,products/770,rye bread
outputs/1125,processes/510,stewing,products/3,tomato sauce
outputs/1126,processes/363,caramelizing,products/275,mustard seeds
outputs/1127,processes/99,chemical treatment,products/506,vinegar
outputs/1128,processes/843,unloading,products/579,biscuits and gravy
outputs/1129,processes/396,fertilizing,products/117,whiskey
outputs/1130,processes/744,bending,products/496,gin
outputs/1131,processes/697,plowing,products/309,lobster
outputs/1132,processes/238,evaporation,products/522,caesar salad
outputs/1133,processes/925,strapping,products/288,lasagna bolognese
outputs/1134,processes/605,sulfation,products/820,brown sugar
outputs/1135,processes/39,roasting,products/25,goulash
outputs/1136,processes/597,carton_forming,products/681,udon
outputs/1137,processes/598,forging,products/347,sports drink
outputs/1138,processes/415,bolting,products/607,edamame
outputs/1139,processes/744,bending,products/498,bouillabaisse
outputs/1140,processes/76,separating,products/882,honey
outputs/1141,processes/143,combing,products/907,fettuccine
outputs/1142,processes/831,harrowing,products/85,corn
outputs/1143,processes/843,unloading,products/583,goan fish
outputs/1144,processes/100,mixing,products/740,sunflower oil
outputs/1145,processes/480,winnowing,products/608,cauliflower
outputs/1146,processes/893,concentrating,products/4,waste water
outputs/1147,processes/705,injection molding,products/818,squid
outputs/1148,processes/216,casting,products/547,beef wellington
outputs/1149,processes/301,reverse osmosis,products/956,vindaloo
outputs/1150,processes/642,crystallization,products/259,basil
outputs/1151,processes/822,purification,products/245,rosemary
outputs/1152,processes/127,extraction,products/339,apples
outputs/1153,processes/589,coagulation,products/386,champagne
outputs/1154,processes/771,forging,products/831,blackberries
outputs/1155,processes/264,gasification,products/187,passion fruit
outputs/1156,processes/206,calendering,products/240,sports drink
outputs/1157,processes/542,fermentation,products/1016,vodka
outputs/1158,processes/67,threshing,products/51,peaches
outputs/1159,processes/452,labeling,products/357,potato salad
outputs/1160,processes/844,reduction,products/497,rice
outputs/1161,processes/639,grinding,products/907,fettuccine
outputs/1162,processes/931,case_packing,products/641,ceviche
outputs/1163,processes/307,oxidation,products/793,chili powder
outputs/1164,processes/104,filling,products/461,salami
outputs/1165,processes/853,purification,products/209,oats
outputs/1166,processes/428,grinding,products/521,goulash
outputs/1167,processes/164,irrigating,products/191,oysters
outputs/1168,processes/370,threshing,products/649,parsnips
outputs/1169,processes/850,printing,products/501,bolognese
outputs/1170,processes/573,printing,products/219,plums
outputs/1171,processes/414,forging,products/921,soup
outputs/1172,processes/811,clarifying,products/481,coleslaw
outputs/1173,processes/97,reduction,products/926,parsley
outputs/1174,processes/405,fertilizing,products/500,nachos
outputs/1175,processes/679,finishing,products/373,bread
outputs/1176,processes/20,clarifying,products/427,risotto
outputs/1177,processes/888,shearing,products/333,baguette
outputs/1178,processes/399,thickening,products/29,chicken parmesan
outputs/1179,processes/357,filling,products/906,ham
outputs/1180,processes/23,physical separation,products/363,paneer tikka
outputs/1181,processes/784,thermal treatment,products/937,salad
outputs/1182,processes/363,caramelizing,products/281,honey
outputs/1183,processes/270,storage,products/50,bread
outputs/1184,processes/128,heating,products/433,salmon
outputs/1185,processes/215,recycling,products/1003,artichokes
outputs/1186,processes/480,winnowing,products/5,pasta
outputs/1187,processes/178,drawing,products/917,green beans
outputs/1188,processes/319,consolidation,products/493,dragon fruit
outputs/1189,processes/966,warping,products/792,chicken
outputs/1190,processes/532,ion exchange,products/160,macaroni
outputs/1191,processes/988,shearing,products/300,eggplant parmesan
outputs/1192,processes/775,aerobic treatment,products/457,chili
outputs/1193,processes/371,sedimentation,products/553,duck
outputs/1194,processes/733,spinning,products/499,spinach
outputs/1195,processes/577,shrink_wrapping,products/298,sugar
outputs/1196,processes/425,deconsolidation,products/969,lasagna bolognese
outputs/1197,processes/135,stewing,products/621,soup
outputs/1198,processes/516,combustion,products/863,chicken
outputs/1199,processes/434,braising,products/919,peaches
outputs/1200,processes/474,UV treatment,products/153,peas
outputs/1201,processes/81,refining,products/188,udon
outputs/1202,processes/562,clarifying,products/481,coleslaw
outputs/1203,processes/968,gasification,products/781,brussels sprouts
outputs/1204,processes/710,palletizing,products/356,vinegar
outputs/1205,processes/448,plowing,products/969,lasagna bolognese
outputs/1206,processes/110,carton_forming,products/610,coconut milk
outputs/1207,processes/871,roasting,products/832,honey blend
outputs/1208,processes/505,reverse osmosis,products/807,squid
outputs/1209,processes/139,distribution,products/894,rye bread
outputs/1210,processes/683,beaming,products/939,soy sauce
outputs/1211,processes/176,amination,products/36,kale
outputs/1212,processes/143,combing,products/703,paprika
outputs/1213,processes/163,storage,products/23,tortillas
outputs/1214,processes/572,carton_forming,products/330,agave nectar
outputs/1215,processes/419,incineration,products/995,okra
outputs/1216,processes/188,heat treatment,products/54,butter chicken
outputs/1217,processes/589,coagulation,products/197,sweet potatoes
outputs/1218,processes/371,sedimentation,products/128,chicken wings
outputs/1219,processes/105,warehouse_operations,products/540,biscuits and gravy
outputs/1220,processes/148,aeration,products/52,linguine
outputs/1221,processes/590,superheating,products/715,blueberries
outputs/1222,processes/463,carton_forming,products/314,carrots
outputs/1223,processes/385,chemical treatment,products/578,turkey breast
outputs/1224,processes/838,compacting,products/291,lettuce
outputs/1225,processes/55,drying,products/749,rice
outputs/1226,processes/379,liquefaction,products/900,clams
outputs/1227,processes/974,steaming,products/400,bacon
outputs/1228,processes/361,pruning,products/260,mushrooms
outputs/1229,processes/414,forging,products/510,mackerel
outputs/1230,processes/225,separating,products/706,butter
outputs/1231,processes/878,shaping,products/240,sports drink
outputs/1232,processes/901,storage,products/341,wastewater treatment
outputs/1233,processes/409,caramelizing,products/446,scallops
outputs/1234,processes/897,braising,products/300,eggplant parmesan
outputs/1235,processes/12,poaching,products/26,teriyaki
outputs/1236,processes/359,braising,products/968,dal
outputs/1237,processes/941,spinning,products/313,caesar salad
outputs/1238,processes/504,case_packing,products/408,mango
outputs/1239,processes/256,grading,products/719,sushi
outputs/1240,processes/52,amination,products/546,whiskey
outputs/1241,processes/531,drawing,products/222,pumpkin
outputs/1242,processes/697,plowing,products/976,quesadilla
outputs/1243,processes/695,strapping,products/651,flounder
outputs/1244,processes/697,plowing,products/735,garlic
outputs/1245,processes/85,expansion,products/844,brown sugar
outputs/1246,processes/399,thickening,products/488,sandwich
outputs/1247,processes/820,welding,products/880,dates
outputs/1248,processes/484,threshing,products/499,spinach
outputs/1249,processes/743,curing,products/782,milk beverage
outputs/1250,processes/630,printing,products/302,barley
outputs/1251,processes/686,incineration,products/492,burger
outputs/1252,processes/31,blending,products/440,dumpling
outputs/1253,processes/679,finishing,products/581,rum
outputs/1254,processes/541,clarifying,products/787,white bread
outputs/1255,processes/382,braising,products/52,linguine
outputs/1256,processes/235,stamping,products/805,paneer tikka
outputs/1257,processes/528,blanching,products/546,whiskey
outputs/1258,processes/159,coagulation,products/646,bell peppers
outputs/1259,processes/113,combustion,products/852,waste water
outputs/1260,processes/184,threshing,products/130,salt
outputs/1261,processes/403,distribution,products/935,oysters
outputs/1262,processes/201,grilling,products/705,coconut milk
outputs/1263,processes/652,desuperheating,products/391,haddock
outputs/1264,processes/129,oxidation,products/302,barley
outputs/1265,processes/172,gasification,products/682,sports drink
outputs/1266,processes/865,shredding,products/646,bell peppers
outputs/1267,processes/44,flocculation,products/751,tagliatelle
outputs/1268,processes/84,extraction,products/709,stevia
outputs/1269,processes/227,biological treatment,products/992,miso soup
outputs/1270,processes/433,compression,products/803,honey blend
outputs/1271,processes/762,loading,products/858,zucchini
outputs/1272,processes/843,unloading,products/117,whiskey
outputs/1273,processes/3,combining,products/127,walnuts
outputs/1274,processes/305,plowing,products/995,okra
outputs/1275,processes/568,punching,products/292,sorbet
outputs/1276,processes/115,carton_forming,products/10,garlic
outputs/1277,processes/685,weaving,products/312,shallots
outputs/1278,processes/349,compacting,products/1003,artichokes
outputs/1279,processes/930,marinating,products/91,vanilla
outputs/1280,processes/762,loading,products/856,biscuits and gravy
outputs/1281,processes/850,printing,products/701,taco
outputs/1282,processes/919,capping,products/810,lettuce
outputs/1283,processes/605,sulfation,products/75,grey water
outputs/1284,processes/498,unloading,products/58,thyme
outputs/1285,processes/910,polishing,products/314,carrots
outputs/1286,processes/943,reverse osmosis,products/613,packaging waste
outputs/1287,processes/183,cooling,products/466,incineration
outputs/1288,processes/349,compacting,products/834,white bread
outputs/1289,processes/226,harvesting,products/602,hot dog
outputs/1290,processes/924,planting,products/559,donut
outputs/1291,processes/862,stabilizing,products/432,jambalaya
outputs/1292,processes/934,sealing,products/664,oregano
outputs/1293,processes/508,superheating,products/793,chili powder
outputs/1294,processes/171,rolling,products/95,cheese
outputs/1295,processes/494,incineration,products/583,goan fish
outputs/1296,processes/581,amination,products/752,cooking oil waste
outputs/1297,processes/294,physical separation,products/298,sugar
outputs/1298,processes/650,centrifuging,products/542,miso soup
outputs/1299,processes/267,shaping,products/35,gelato
outputs/1300,processes/47,strapping,products/265,snapper
outputs/1301,processes/898,pruning,products/801,potato salad
outputs/1302,processes/440,preserving,products/387,beef broth
outputs/1303,processes/53,ozonation,products/923,tomato paste
outputs/1304,processes/954,ozonation,products/880,dates
outputs/1305,processes/86,loading,products/305,bell peppers
outputs/1306,processes/202,stewing,products/613,packaging waste
outputs/1307,processes/508,superheating,products/799,plastic waste
outputs/1308,processes/332,bleaching,products/16,olive oil
outputs/1309,processes/980,stamping,products/482,oat milk
outputs/1310,processes/114,fermenting,products/934,juice
outputs/1311,processes/235,stamping,products/1002,rabbit
outputs/1312,processes/840,caramelizing,products/470,rum
outputs/1313,processes/948,filtering,products/567,pizza
outputs/1314,processes/649,precipitation,products/616,bolognese
outputs/1315,processes/906,spinning,products/972,cucumber
outputs/1316,processes/738,capping,products/600,oranges
outputs/1317,processes/405,fertilizing,products/110,beef brisket
outputs/1318,processes/146,esterification,products/441,pudding
outputs/1319,processes/797,planting,products/915,brussels sprouts
outputs/1320,processes/720,blending,products/647,sweet potatoes
outputs/1321,processes/512,calendering,products/721,crab
outputs/1322,processes/993,handling,products/278,brownie
outputs/1323,processes/698,physical separation,products/842,onions
outputs/1324,processes/986,reduction,products/312,shallots
outputs/1325,processes/851,sedimentation,products/467,anaerobic digestion
outputs/1326,processes/688,marinating,products/999,maple syrup
outputs/1327,processes/804,welding,products/954,mustard seeds
outputs/1328,processes/648,amination,products/951,dried cranberries
outputs/1329,processes/674,rolling,products/158,chickpeas
outputs/1330,processes/544,sealing,products/692,ceviche
outputs/1331,processes/958,drying,products/668,salami
outputs/1332,processes/583,crystallization,products/109,chickpeas
outputs/1333,processes/67,threshing,products/616,bolognese
outputs/1334,processes/384,packaging,products/3,tomato sauce
outputs/1335,processes/3,combining,products/574,udon
outputs/1336,processes/724,superheating,products/929,quinoa
outputs/1337,processes/99,chemical treatment,products/122,acai
outputs/1338,processes/80,fermenting,products/234,air treatment
outputs/1339,processes/443,crystallization,products/333,baguette
outputs/1340,processes/225,separating,products/588,pilaf
outputs/1341,processes/52,amination,products/102,ceviche
outputs/1342,processes/769,adsorption,products/699,landfill
outputs/1343,processes/512,calendering,products/711,tagliatelle
outputs/1344,processes/314,planting,products/791,mustard
outputs/1345,processes/925,strapping,products/219,plums
outputs/1346,processes/936,handling,products/685,green beans
outputs/1347,processes/112,drying,products/27,fried chicken
outputs/1348,processes/990,pyrolysis,products/342,mousse
outputs/1349,processes/457,smelting,products/282,yams
outputs/1350,processes/726,cooling,products/724,grey water
outputs/1351,processes/159,coagulation,products/232,honey blend
outputs/1352,processes/94,punching,products/395,flounder
outputs/1353,processes/840,caramelizing,products/495,salami
outputs/1354,processes/398,composting,products/572,mayonnaise
outputs/1355,processes/614,casting,products/158,chickpeas
outputs/1356,processes/159,coagulation,products/203,korma
outputs/1357,processes/870,superheating,products/755,bagels
outputs/1358,processes/837,tempering,products/347,sports drink
outputs/1359,processes/982,sealing,products/263,pulled pork
outputs/1360,processes/424,purification,products/895,scallops
outputs/1361,processes/559,bolting,products/507,taco
outputs/1362,processes/236,filtering,products/109,chickpeas
outputs/1363,processes/23,physical separation,products/190,rogan josh
outputs/1364,processes/496,nitration,products/396,baking soda
outputs/1365,processes/444,deconsolidation,products/222,pumpkin
outputs/1366,processes/935,evaporation,products/799,plastic waste
outputs/1367,processes/783,calendering,products/578,turkey breast
outputs/1368,processes/424,purification,products/415,cinnamon
outputs/1369,processes/554,purification,products/777,squash
outputs/1370,processes/397,dewatering,products/436,goji berries
outputs/1371,processes/305,plowing,products/394,beef
outputs/1372,processes/554,purification,products/536,nachos
outputs/1373,processes/466,composting,products/687,spring rolls
outputs/1374,processes/388,punching,products/474,scallops
outputs/1375,processes/957,irrigating,products/520,herring
outputs/1376,processes/954,ozonation,products/847,chili powder
outputs/1377,processes/221,shrink_wrapping,products/1004,guava
outputs/1378,processes/295,aeration,products/867,okra
outputs/1379,processes/221,shrink_wrapping,products/1000,rice
outputs/1380,processes/779,deconsolidation,products/505,pho
outputs/1381,processes/864,preheating,products/911,grouper
outputs/1382,processes/166,coagulation,products/883,vegetable broth
outputs/1383,processes/321,mercerizing,products/922,biogas
outputs/1384,processes/376,neutralization,products/129,mango
outputs/1385,processes/371,sedimentation,products/390,leeks
outputs/1386,processes/995,forging,products/730,sourdough
outputs/1387,processes/563,plowing,products/732,cauliflower
outputs/1388,processes/408,heating,products/707,vanilla
outputs/1389,processes/694,annealing,products/554,white bread
outputs/1390,processes/115,carton_forming,products/46,tuna
outputs/1391,processes/554,purification,products/306,dumpling
outputs/1392,processes/58,baking,products/891,wine
outputs/1393,processes/486,clarifying,products/439,sandwich
outputs/1394,processes/194,filtering,products/295,gelato
outputs/1395,processes/316,irrigating,products/577,hazardous waste
outputs/1396,processes/552,concentrating,products/783,hot sauce
outputs/1397,processes/651,compacting,products/829,yeast
outputs/1398,processes/17,pruning,products/125,rye
outputs/1399,processes/82,filling,products/247,cabbage
outputs/1400,processes/828,spinning,products/137,sports drink
outputs/1401,processes/246,preheating,products/455,waste water
outputs/1402,processes/971,shredding,products/250,lemons
outputs/1403,processes/156,grinding,products/725,okra
outputs/1404,processes/554,purification,products/597,guava
outputs/1405,processes/82,filling,products/242,rye bread
outputs/1406,processes/40,printing,products/75,grey water
outputs/1407,processes/584,caramelizing,products/210,sugar
outputs/1408,processes/730,spinning,products/766,caesar salad
outputs/1409,processes/763,palletizing,products/171,eggplant
outputs/1410,processes/628,drying,products/987,ramen
outputs/1411,processes/679,finishing,products/761,pita
outputs/1412,processes/730,spinning,products/5,pasta
outputs/1413,processes/636,irrigating,products/45,molasses
outputs/1414,processes/11,precipitation,products/292,sorbet
outputs/1415,processes/46,combing,products/973,composting
outputs/1416,processes/36,printing,products/636,kiwi
outputs/1417,processes/561,cooling,products/900,clams
outputs/1418,processes/783,calendering,products/356,vinegar
outputs/1419,processes/298,chlorination,products/370,parsnips
outputs/1420,processes/346,forging,products/436,goji berries
outputs/1421,processes/61,steaming,products/564,cream
outputs/1422,processes/380,chlorination,products/396,baking soda
outputs/1423,processes/89,boxing,products/458,bread
outputs/1424,processes/916,carton_forming,products/215,chicken broth
outputs/1425,processes/179,heating,products/1003,artichokes
outputs/1426,processes/791,winnowing,products/404,pie
outputs/1427,processes/757,coagulation,products/42,mousse
outputs/1428,processes/772,liquefaction,products/367,goulash
outputs/1429,processes/806,loading,products/559,donut
outputs/1430,processes/1,boiling,products/64,tomato paste
outputs/1431,processes/2,simmering,products/3,tomato sauce
outputs/1432,processes/177,preheating,products/895,scallops
outputs/1433,processes/625,hydrolysis,products/96,parsnips
outputs/1434,processes/326,unloading,products/267,prunes
outputs/1435,processes/56,mercerizing,products/1000,rice
outputs/1436,processes/295,aeration,products/603,peanuts
outputs/1437,processes/544,sealing,products/494,paprika
outputs/1438,processes/19,biological treatment,products/392,hazardous waste
outputs/1439,processes/610,sealing,products/764,veal
outputs/1440,processes/788,sedimentation,products/755,bagels
outputs/1441,processes/753,dewatering,products/492,burger
outputs/1442,processes/539,capping,products/989,ragu
outputs/1443,processes/90,assembly,products/546,whiskey
outputs/1444,processes/614,casting,products/98,almond milk
outputs/1445,processes/627,quality_control,products/832,honey blend
outputs/1446,processes/172,gasification,products/296,worcestershire sauce
outputs/1447,processes/240,blending,products/150,paprika
outputs/1448,processes/721,bromination,products/356,vinegar
outputs/1449,processes/638,biological treatment,products/831,blackberries
outputs/1450,processes/722,spinning,products/247,cabbage
outputs/1451,processes/746,sorting,products/99,grouper
outputs/1452,processes/838,compacting,products/201,crackers
outputs/1453,processes/476,adsorption,products/108,yogurt parfait
outputs/1454,processes/116,superheating,products/542,miso soup
outputs/1455,processes/59,sulfation,products/115,nachos
outputs/1456,processes/921,ion exchange,products/195,beef wellington
outputs/1457,processes/181,flocculation,products/233,honey
outputs/1458,processes/879,stamping,products/332,couscous
outputs/1459,processes/623,coagulation,products/149,fettuccine
outputs/1460,processes/30,shearing,products/589,cereal
outputs/1461,processes/517,refining,products/913,coconut milk
outputs/1462,processes/148,aeration,products/218,beer
outputs/1463,processes/502,screening,products/413,lettuce
outputs/1464,processes/314,planting,products/548,salami
outputs/1465,processes/46,combing,products/504,prunes
outputs/1466,processes/614,casting,products/191,oysters
outputs/1467,processes/750,oxidation,products/527,aspartame
outputs/1468,processes/99,chemical treatment,products/332,couscous
outputs/1469,processes/394,spraying,products/928,champagne
outputs/1470,processes/937,homogenizing,products/597,guava
outputs/1471,processes/253,gasification,products/76,chili
outputs/1472,processes/549,compression,products/828,okra
outputs/1473,processes/51,incineration,products/255,grapes
outputs/1474,processes/629,harvesting,products/652,almonds
outputs/1475,processes/127,extraction,products/545,biogas
outputs/1476,processes/630,printing,products/733,cocoa
outputs/1477,processes/62,thermal treatment,products/18,rye
outputs/1478,processes/77,concentrating,products/983,beef broth
outputs/1479,processes/50,wrapping,products/315,oatmeal
outputs/1480,processes/142,harvesting,products/170,empanada
outputs/1481,processes/15,carton_forming,products/730,sourdough
outputs/1482,processes/422,carding,products/14,cheese
outputs/1483,processes/411,weeding,products/58,thyme
outputs/1484,processes/443,crystallization,products/517,okra
outputs/1485,processes/92,bending,products/367,goulash
outputs/1486,processes/250,warehouse_operations,products/254,wine
outputs/1487,processes/684,wrapping,products/94,lettuce
outputs/1488,processes/489,rolling,products/11,onions
outputs/1489,processes/869,thickening,products/473,pork schnitzel
outputs/1490,processes/792,mixing,products/566,yogurt parfait
outputs/1491,processes/467,winnowing,products/172,veal
outputs/1492,processes/72,irrigating,products/389,edamame
outputs/1493,processes/763,palletizing,products/82,brown sugar
outputs/1494,processes/226,harvesting,products/200,canola oil
outputs/1495,processes/276,unloading,products/510,mackerel
outputs/1496,processes/519,threshing,products/501,bolognese
outputs/1497,processes/916,carton_forming,products/686,wine
outputs/1498,processes/710,palletizing,products/789,haddock
outputs/1499,processes/582,sorting,products/837,glass waste
outputs/1500,processes/532,ion exchange,products/1009,tzatziki
